CLR,J,K,Q (V)
0,X,X,0.125
1,0.0,0.0,0.12028
1,5.0,0.0,4.383
1,0.0,5.0,0.12047
1,5.0,5.0,4.383
