CLR,J,K,Q (V)
0,X,X,0.12295
1,0.0,0.0,4.353
1,5.0,0.0,4.381
1,0.0,5.0,0.11872
1,5.0,5.0,4.381
