CLR,J,K,Q (V)
0,X,X,0.12611
1,0.0,0.0,0.1215
1,5.0,0.0,4.34
1,0.0,5.0,0.12184
1,5.0,5.0,4.34
