CLR,J,K,Q (V)
0,X,X,0.12963
1,0.0,0.0,0.1252
1,5.0,0.0,4.418
1,0.0,5.0,0.12569
1,5.0,5.0,4.418
