CLR,J,K,Q (V)
0,X,X,0.13165
1,0.0,0.0,0.12703
1,5.0,0.0,4.418
1,0.0,5.0,0.12766
1,5.0,5.0,4.418
