CLR,J,K,Q (V)
0,X,X,0.12385
1,0.0,0.0,0.1192
1,5.0,0.0,4.387
1,0.0,5.0,0.11938
1,5.0,5.0,4.387
