CLR,J,K,Q (V)
0,X,X,0.13197
1,0.0,0.0,0.12775
1,5.0,0.0,4.417
1,0.0,5.0,0.12823
1,5.0,5.0,4.418
