CLR,J,K,Q (V)
0,X,X,0.14334
1,0.0,0.0,0.11362
1,5.0,0.0,3.863
1,0.0,5.0,0.1155
1,5.0,5.0,3.863
