CLR,J,K,Q (V)
0,X,X,0.12425
1,0.0,0.0,0.1195
1,5.0,0.0,4.386
1,0.0,5.0,0.11972
1,5.0,5.0,4.386
