CLR,J,K,Q (V)
0,X,X,0.12974
1,0.0,0.0,0.12542
1,5.0,0.0,4.418
1,0.0,5.0,0.12587
1,5.0,5.0,4.419
